3	twitter
3	walmart
3	GM
3	generalelectric
3	Chevron
3	altrianews
3	AIGinsurance
3	AEPnews
3	Boeing
3	Kinder_Morgan
3	HomeDepot
3	jpmorgan
3	cardinalhealth
3	merck
3	StateFarm
3	HPNews
3	McKesson
3	MerrillLynch
3	albertsons
3	FreddieMac
3	JNJNews
3	conoco
3	pfizer_news
3	jcpenney
3	metlife
3	GoldmanSachs
3	Motorola
3	allstate
3	txuenergy
3	UTC
3	DowChemical
3	ConAgraFoods
3	pepsico
3	wellsfargo
3	intel
3	DelphiAuto
3	sprint
3	newyorklife
3	dupont_news
3	georgiapacific
3	disney
3	aetna
3	lockheedmartin
3	Chase
3	tc_talks
3	Phillips66Co
3	HoneywellNow
3	UnitedHealthGrp
3	viacom
3	supervaluPR
3	americanexpress
3	wellsfargo
3	WSJbusiness
3	MSFT_Business
3	Lowes
3	BMSNEWS
3	HPNews
3	AutoNation
3	centurylink
3	massmutual
3	cigna
3	oracle
3	hcahealthcare
3	raytheon
3	Xerox
3	ChaseforBiz
3	abbottglobal
3	nm_news
3	publix
3	TheHartford
3	exelon
3	nationwide
3	XcelEnergyMN
3	mcdonalds
3	KCCorp
3	lordandtaylor
3	goodyearblimp
3	gap
3	northropgrumman
3	hesscorporation
3	halliburton
3	johndeere
3	kodak
3	tigerdirect
3	winndixie
3	Avnet
3	AnthemInc
3	sunocoracing
3	textron
3	edisonintl
3	UnionPacific
3	WasteManagement
3	OfficeDepot
3	williamsupdates
3	toysrus
3	staples
3	CSCegov_
3	DanaHoldingCorp
3	WhirlpoolCorp
3	humana
3	southerncompany
3	MarriottIntl
3	mbna
3	ArrowGlobal
3	mmc_global
3	PSEGdelivers
3	merck
3	XFINITY
3	aflac
3	KraftHeinzCo
3	colgate
3	thelimited
3	jhboston26
3	BNSFRailway
3	agilent
3	fluorcorp
3	Travelers
3	BillGates
3	ashlandinc
3	SunTrust
3	Dillards
3	MascoCareers
3	americanair
3	napaknowhow
3	txinstruments
3	mauricioshinepr
3	CSX
3	gillette
3	sempraenergy
3	iheartmedia
3	dte_energy
3	Aramark
3	ChubbInsurance
3	kohls
3	progressive
3	applied_blog
3	eatoncorp
3	bnymellon
3	gigaom
3	generalmills
3	SafecoInsurance
3	pncbank
3	2morrowknight
3	omnicom
3	ONEOK
3	avaya
3	Chevron
3	navistar
3	Centex_Homes
3	fifththird
3	FirstData
3	lincolnfingroup
3	gannett
3	corninggorilla
3	penskesocial
3	nscorp
3	SAICinc
3	hubspot
3	unisyscorp
3	avoninsider
3	NCRCorporation
3	DowChemical
3	PPLCorp
3	AirProducts
3	StateStreet
3	nordstrom
3	EastmanChemCo
3	BizballMaury
3	PulteHomes
3	DollarGeneral
3	usa_network
3	charlesschwab
3	bjswholesale
3	mcuban
3	amfam
3	tonyrobbins
3	Entrepreneur
3	bnbuzz
3	autozone
3	radioshack
3	grainger
3	GaryVee
3	ittcorp
3	kbhome
3	SandraPglobal
3	OfficeDepot
3	parkplacetexas
3	NVEnergy
3	WhirlpoolCorp
3	AmerenCorp
3	DRHorton
3	QuantumCorp
3	insperity
3	jabil
3	mutualofomaha
3	LeviStraussCo
3	kellyservices
3	etn_electrical
3	CAInc
3	lexmark
3	coxcomm
3	Pathmark
3	amgen
3	MGMResortsIntl
3	dish
3	WestRock
3	spg
3	CDWCorp
3	YorkHVAC
3	intent
3	amd
3	Steelcase
3	kiewit
3	AveryDennison
3	SEAGATE
3	IberdrolaUSA
3	FirstAmNews
3	ballcorpHQ
3	myfamilydollar
3	biglots
3	CoreMarkHQ
3	shopko
3	PSETalk
3	conocophillips
3	usgcorp
3	NorthernTrust
3	thrivent
3	OGandE
3	trinet
3	pepsico
3	anixter
3	chrobinsoninc
3	kindredhealth
3	DevonCareers
3	Sealed_Air
3	hiltonsuggests
3	neimanmarcus
3	HPNews
3	hrblock
3	Reebok
3	TrigonIT
3	paylessinsider
3	truevalue
3	United_Rentals
3	uhs_inc
3	EastmanChemCo
3	ApacheCorp
3	thrivent
3	Spherion
3	HCR_ManorCare
3	PolyOne
3	starbucks
3	KrooExpress
3	NVHomes1979
3	sonoco_products
3	mandt_bank
3	FrontierCorp
3	Nicor_Gas
3	agcocorp
3	MichaelsStores
3	amgreetings
3	readersdigest
3	PepcoConnect
3	petsmart
3	Unilever
3	Sabre_Corp
3	MGMResortsIntl
3	firsttennessee
3	roberthalf
3	Huntington_Bank
3	Burlington
3	intent
3	erie_insurance
3	share
3	lpcorp
3	Ecolab
3	weatherfordcorp
3	Convergys
3	valuecityfurn
3	kellwoodcompany
3	belk
3	adi_news
3	wholefoods
3	lazboy
3	hermanmiller
3	budget
3	BHInc
3	Tellabs
3	CintasCorp
3	alaskaair
3	outback
3	RAHomes
3	centurylink
3	txinstruments
3	SwiftTransport
3	cunamutualgroup
3	axa_us
3	jbhunt360
3	InsightEnt
3	synovus
3	americanair
3	shopsimon
3	NJNaturalGas
3	oracle
3	compuware
3	WeisMarkets
3	dollartree
3	ProtectiveLife
3	crackerbarrel
3	westerndigital
3	InglesAdvantage
3	WRBerkleyCorp
3	TATravelCenters
3	SunGard
3	CaseysGenStore
3	Safeguard
3	BrownFormanJobs 
3	intent
3	Valspar
3	flowserve
3	bbvacompass
3	fiserv
3	MarshGrocery
3	MagellanHealth
3	sgi_corp
3	share?url=http:
3	JackBox
3	WorthingtonInds
3	Linens_N_Things
3	uhaul
3	rentacenter
3	kennametal
3	beazerhomes 
3	DieboldInc
3	ScottsLawnCare
3	NOVGlobal
3	khov
3	SouthernStates
3	Paychex
3	harman
3	FirstData
3	CabotCorp
3	energizer
3	XilinxInc
3	EXPDNewsflash
3	flowersfoods
3	quintiles
3	PerkinElmer
3	JoAnn_Stores
3	LandsEnd
3	imperialsugar
3	Champion_Homes
3	ComfortUSA
3	leggmason
3	Level3
3	RGandE
3	lamresearch
3	amkortechnology
3	DelMonte
3	MercuryIns
3	TDBank_US
3	bmcsoftware
3	veritastechllc
3	archcoal
3	AerojetRdyne
3	Atmel
3	AimcoApts
3	EWScrippsCo
3	zebratechnology
3	atmosenergy
3	teradyneinc
3	amwater
3	OReillyAuto
3	arrow1851
3	cadence
3	SportsAuthority
3	Pier1
3	KEMETCapacitors
3	burlington1923
3	nestleusa
3	SNSintl
3	swgas
3	coopfinancecorp
3	officialfye
3	nvidia
3	RoviCorp
3	abercrombie
3	lamresearch
3	intent
3	CarpenterTech
3	share
3	revlon
3	steinmart
3	hubgroup
3	briggsstratton
3	dnbus
3	AnnTaylor
3	bankofhawaii
3	shoutlet
3	menswearhouse
3	StewartTitleCo
3	one_Werner
3	NOVGlobal
3	Amica
3	milacron
3	Intuit
3	Kimball_Intl
3	xocomm
3	earthlink
3	ceridian
3	WatscoInc
3	FXI_MediaPA
3	ModusLink
3	tektronix
3	GenzymeCorp
3	axiallcorp
3	igtnews
3	Sealy
3	SR_Corporate
3	shopstagestores
3	Timberland
3	amsAnalog
3	pcconnection
3	minliangtan