2	CNNJason
2	DavidWooding
2	patriciakitchen
1	ProductHunt
1	horatiurus
2	Independent
1	arnicas
2	miggyrod33
2	RosenbergScottA
2	cohenstandard
1	EconomistOnce
1	Neuro_Skeptic
2	jonsnowC4
1	adamw2011
1	iadh
1	bill_craighead
1	pablofsalvador
1	grimmer
2	larryrulison
1	da8to
2	MaccExpress
2	PSBKevin
2	GormleyAlbany
2	HeraldNewspaper
1	ethanbdm
2	BHWeeklyNews
1	andrew_m_jones
1	sunnyvalelabs
2	TUSidelines
1	FryRsquared
1	tlomauro
2	maitlis
2	LeitrimToday
2	GregLogan1
1	PolNeuro
1	APAPsycNET
1	bonstewart
2	MichaelTMangan
1	brankomilan
1	viktoroledenyov
1	techstars
1	miamikic
2	MharringtonNews
1	haucap
2	Kirky_Herald
2	Abingdon_UK
2	daily_politics
2	ChristineDeska
2	ChewGazette
1	econometricsoc
1	UNUWIDER
1	vediense
2	NewsdayJoye
2	KennethCrowe
2	FormbyTimes
2	BuffNewsVogl
2	JustKristi
1	mj_kallen
1	AllisonSchrager
1	jamayoralda
1	DARTsupporters
1	sckottie
1	datamusing
2	DayJan
1	nonnihil
1	trounstine
2	dthompsonht
2	GaryGibbonBlog
1	soumyatanumukhe
2	JeffSimonbuffnw
1	ProgHist
2	jenrakers
1	pollcat
2	C_Leadbeater
1	ElisaShearer
2	rexwsmith
2	BevGuardian
1	fabioghironi
1	icouldbeorg
1	OpenAnalytics
1	sandra_aamodt
2	JBoell_Newsday
2	AzraHaqqie
2	SGRLevanduski
2	JaySkurski
1	TessaWestNYU
1	ylelkes
2	DerbyshireEnts
2	dahotwings
2	ndmusic
1	asr_journal
2	deonjhampton
1	pdemetriades
2	BuffaloFood
1	GreggRMurray
2	JoyceB10Bassett
1	MaxCRoser
2	KSCourier
2	PSBSens
1	michaelkiley5
2	ithacajournal
2	dailypostwales
2	karenmediawales
2	hogankevin
1	gottliebecon
2	heraldscotland
2	AndySlawson
1	pmrsmartins
2	KarenRuffini
2	Kenilworth_news
2	MaryPasciak
2	SGJoeMink
2	adamsherwin10
2	adamboultonSKY
1	bartwilson
2	DailyStarSunday
2	PSBJenFusco
2	jackhardwick93
2	JackieLongc4
1	DavMicRot
2	Jo_Coburn
2	BostonTarget
2	Scott_Fontana
1	PolicyStudiesTF
1	mauriciovillam
1	CommonCrawl
2	RSnewsroom
2	rachelsenatore
1	tracykteal
1	PTetlock
2	JonathanHaynes
2	RitaCiolli
1	anneapplebaum
1	WhatWorksCities
1	pewmethods
2	MarkOgden_
2	denisebonilla
2	jimbaumbach
2	AshbourneNews
2	andrewtghill
2	DPLennon
1	tayemengistae
1	MillerLabMIT
2	PSBLynn
1	ingorohlfing
2	joeolenick
1	hardsci
2	alisonbernicker
2	PSBKevin
1	blurky
2	MJR_Albion
2	MattGlynnBN
1	davdittrich
2	LucyH_J
1	gokhanozertan
2	JonAustinjourn1
2	dorkingnews
1	olafsiegert
2	gazettenewsdesk
1	olniz
2	jameskirkup
1	jamesturk
1	trnsprttnst
2	baishali_adak
1	DrewDim
1	data_innov_dc
2	HarwichStandard
1	bnjmacdonald
1	ellaudet
1	vaiseys
2	GardhamHT
2	Section4Scores
2	LurganMailnews
1	JonathanLWai
1	AlixZwane
1	kenclarkecon
2	goodwintu
2	davidblairdt
2	MPN_TWhitacre
2	LIAMCLARKECJ
1	jbkunst
1	upendra900
2	AnteMamie
2	Hannahnaman
2	Kathryn_Cain
2	CNYJennie
1	lindsaytedds
2	DerekGeePhoto
2	DundalkDemocrat
2	keithkraska
1	TheChoiceLab
2	droleader
2	GuardianLeyland
1	KareninKenya
1	thomasfent
1	giorgiocaviglia
2	LDNweekly
2	bbcquestiontime
1	SociologicalSci
2	AmyPacker
2	marksweney
2	IlkestonTiser
1	Maciej_Kula
1	deanyang
1	joshuadarr
1	gregorygivens
2	NEWSDAYatNITE
2	randeedaddona
1	JosephEStiglitz
2	crawley_news
1	ESinsights
1	justinwolfers
1	richardpphelps
2	HertsMercury
1	arun_sriniv
2	dgldemocrat
2	CitizenChantler
2	BBCr4today
1	jyotioo
2	SGAndrewLegare
2	DailyFreeman
1	LauraK_Nelson
1	roberton3will
1	DrPamSpurr
2	cathymediawales
1	heychrisbarr
2	IJphotos
1	NinjaEconomics
1	DanTGilbert
2	DonnyFreePress
2	dlknowles
1	ObsoleteDogma
2	JenBergerKids
1	icahdq
2	EalingGazette
1	Plotpolitics
1	dave_chivers
1	theworkerslab
1	maxwellekor
2	MarkAitken1
1	Rbloggers
1	pennockd
1	blbartels
1	pranjmehta
1	BE_pulse
2	IJdavidhill
2	IJphotos
1	sophiebejean
2	CNYJennie
1	StanfordCSLI
2	DuncanCastles
2	PSBphotos
1	rbergoeingv
2	SGJenniferK
1	cmoncap
2	PSBValerieZehl
2	HornellTribNeal
2	ByMichaelKelly
2	alokjha
1	davidbylerRCP
1	2azizati
1	kuang
2	PSBSens
1	caldeira_1
1	ProfWillHowell
2	DavidPBMaddox
2	CityAM
2	JCEvangelist_TU
1	thepsychologist
1	araujoec
2	CarlMacGowan
2	gggaughan
1	drchaiporn
2	hsjrphoto
2	EastKentMercury
1	noahWG
1	StatGarrett
2	FrankRGardner
2	CitizenHough
2	CWHerald
2	BogObserver
1	MrNOMINATE
1	michael_chwe
1	NYTimeskrugman
2	CongletonChron
2	JamesMOdato
1	sorrytobekurt
2	MPN_MWells
1	ferraralaurent
2	billtoscano_ps
1	smotus
1	mogens_fosgerau
1	DataScienceLA
1	EngagingNews
2	TUCityEd
2	EdConwaySky
1	robertinklaar
2	DavidCollinsST
2	matt_hamilton10
1	richminer
1	dubilava
2	daviddimble
1	kellenfunk
1	21
1	sebafreille
2	LaurenHarrisonR
2	MPN_RRepard
1	sunjooahn
2	guardiannews
1	isabelaanda
1	mbeissinger
2	BWMercury
2	PSBjeff
2	gilestremlett
2	Batavia_Daily
2	EKAdvertiser
2	buffnewsstaas
1	alonsobcesar
2	Carmjournal
2	geraldine_mck
2	trafficstatic
2	lucykellaway
1	KnowLab
1	mbojan
2	bob_mcgough
1	craigcitro
1	TonysAngle
1	GrantaMag
2	mkgiancola
1	soomins
1	vschallehn
2	ToniRuberto
2	NewsdayOpinion
2	CB_Express
2	CNYmedia_neill
2	jhickeyBN
1	useR_Stanford
1	teamcoworker
1	msgHankinson
2	kncukier
1	gertpeersman
2	HankWinnicki
1	driainmurray
1	ctitusbrown
1	sachsmc
2	smvanness
2	RobJuteauLFT
2	chalkmark
2	MikeRRose
1	jburnmurdoch
1	BillysBrain
2	MartinCEvans
1	luisvaldes
1	agostini_cl
2	craigawoodhouse
1	IlaPatnaik
1	sguriev
1	bznotes
2	Grahamhiscott
2	tiredorinspired
1	the_belal
1	CharlieSeguin
1	SPSAnews
2	iwcponline
2	GlosCitizen
1	NUlabTMN
2	IJbestes
1	tofias
1	christianotchia
2	EdwardBColby
2	GWalker9
1	PsychFileDrawer
2	HaroldMcNeilBN
2	BMoney_Times
1	simonjhix
1	okrasnopjorov
2	Laura_Figueroa
1	538viz
2	bakewell_today
2	AaronBesecker
2	HerneBayGazette
2	CravenHerald
1	omzidar
1	gcaballeroo
1	ryanavent
1	burke_ec
2	TJPignataro
2	BBCSimonJack
2	CNYJason
2	randimarshall
2	asoundreaction
1	SBronars
1	noorarx
1	LiltHQ
1	statnews
1	mmarconov
2	harrynwilson
1	dommety
1	RichardvReeves
1	GarethNellis
1	whitefordpeter
1	toddkashdan
2	jmccoyphoto
2	gallgaz
2	PSBSteveH
2	EconoScribe
1	chrissampson87
2	TomF_IJSports
2	nicolefuller
1	timelyportfolio
1	farslaner
2	dissmercury
2	citizenlaura
2	HSEExpress
2	PS_CrimeCourts
1	davide_consoli
2	RaferGuzman
2	RobertGavinTU
2	KennyFarq
2	Clairywoowoo
1	dealbook
2	RobertKirkhamBN
1	rotabori
2	BowenBBC
2	ByBridgetMurphy
1	bill_easterly
2	DLo_Newsday
2	FT
1	MilanV
1	archimedino
1	daroczig
2	BelcherBlog
1	pmartjo
2	Pete_Dougherty
2	kwiatkowskiBN
1	AhmedMoustafa
2	SWhite_HT
1	MohanCRaja
1	LJZigerell
2	TomPreciousALB
2	LhamptonGazette
1	M_B_Petersen
2	LeicsMercury
1	stattleship
1	aecoppock
2	jackhaley42
1	scheufele
1	recessionporn
2	TribJeff89
1	MSFTResearch
1	drtimony
1	richardtol
1	czimm_economist
2	FlintshireChron
2	johnasbury
2	PSBMegan
2	alevillafoto
2	JohnRentoul
2	GlossopGazette
2	kirkkorner
2	chardandilynews
1	sendhil_ramadas
1	EconUS
1	eddelbuettel
2	JenSPatterson
1	alfredocoutino
1	brembs
1	RanjayKrishna
1	RainyData
1	gerardrolanducb
1	AtifRMian
2	scrichton
2	liz_day_mw
2	keithkraska
1	bhorowitz
2	CreweChronicle
1	dc_parsley
2	InverurieHerald
2	ChronandEcho
2	LDWheeler1
1	haldaume3
1	pudo
1	patricegaubert1
1	andrearoventini
2	FraserNelson
1	epaley
2	banleader
1	marioszachariad
1	profgeraintrees
1	quantifiedcode
2	SGJoeMink
1	n_demarcellis
2	PSBChrisKocher
1	garwboy
1	stateconomist
1	govtrack
1	ArkhamAsylumDoc
1	erinleebrady
2	PSBABorrelli
1	porszag
1	toreymcmurdo
1	bokuda
1	peteskomoroch
1	MLSecProject
2	ludlowtenbury
1	sebastianjgoerg
1	BoredElonMusk
1	danielepaserman
2	IJdavidhill
2	MargaretCan
2	TheObserverNY
2	Leicester_Merc
2	paullarocco
1	riannone
1	3underscores
1	Recode
1	rtelmore
2	StillTalkinTV
2	HarlowScene
1	swhitbo
2	julianborger
1	AmaneyJamal
2	cschultzphoto
1	ViralTexts
1	FlyElephantNet
1	prerana123
1	jbview
1	opencpu
2	BethRigby
1	funstore_io
2	TracyOrmsbee
1	AndreaKuszewski
1	DrLeeKeyes
2	Crewe_Nantwich
1	TJRyan02
1	TENudge
1	d_young_69
2	PSVarsityBrett
1	pierretherond
1	psychoBOBlogy
2	VinciguerraMark
1	R_Thaler
1	OnionPolitics
2	fstoneherald
2	goodenoughtom
2	Bournemouthecho
2	PSBABorrelli
1	rrahulmehrotra
2	NinaShopsNY
2	PSBValerieZehl
1	hrbrmstr
2	Fhamiltontimes
1	albertorusso76
2	Recorder_news
2	CharityVogel
2	chayesmatthew
1	jemsjournal
1	econjared
1	TurkerNational
1	groundwalkergmb
1	tomaso_duso
1	nitschv
1	CafeEconomics
2	HSenison
1	kmmunger
2	elystandard
1	cpsievert
2	JeremyCliffe
1	kevin_ushey
2	TheLeaderHerald
2	Chiobserver
2	PSBMegan
1	minebocek
1	mariocallegaro
1	BeckerFriedman
1	JeromyAnglim
1	RobertJShiller
2	Citizen_House
1	Austan_Goolsbee
1	EconBizTravel
2	epping_guardian
2	BristolPost
2	HertsEssexObser
2	Daily_Star
2	CitizenWolford
1	jahenderson0
2	acadvertiser
2	JeremyWarnerUK
1	fchollet
2	SGRayFinger
2	GrahamGGrant
1	keyjlee
2	PSBJonHarris
1	aydinonat
2	GarstangNews
1	tylercowen
1	abdelkaderdjefl
2	cumbnews
2	JoieTyrrell
1	afsinsahin
1	eytan
1	gianniguastella
1	GabrielRossman
2	asianimage
1	wadeandwendy
2	leighhornbeck
1	OnThisDayNYT
1	williamabranch
1	davidjcmackay
1	umairh
1	MITEcon
1	renelisme
2	lancstelegraph
2	henican
2	drwilcox
1	wamasters
2	TBNbucky
2	OnebeforeIDie
1	rabaath
2	guardian
2	courier_dundee
1	MattDowle
1	amitabhchandra2
2	adamplayford
2	JanetChristie2
1	davevannette
1	ilariainbxl
1	ericrhare
1	sarahgracesee
2	guyadams
1	DrewLinzer
2	Emily_Fox
1	IPZuser
2	PTobeyPSVarsity
2	HXCourier
2	tenatyler
1	textasdata
1	francisdiebold
1	fhoces
1	DrEscotet
2	ps_politics
1	craigvolden
1	felixhaass
2	BuryTimes
2	kentingley
2	KnutsfordNews
2	cl_gazette
1	ge_inf
1	bolkerb
1	EEANews
1	jenniferbussell
2	emilygosden
1	baruffinimoreno
2	bbcnickrobinson
2	campaignseries
2	C_SNimmo
1	dennisnovy
1	c_petraglia
1	drawscience
1	REVyourdata
1	Rochelle
2	CortlandStand
1	kaushkicbasu
1	zacstewart
1	wwwojtekk
1	ppelk
1	devah_pager
1	CEP_LSE
1	sarah_guido
1	txusramos
1	Cutler_econ
2	DPJHodges
1	Anyelir_Ita
2	drobby
1	dylanwiliam
2	newsgirlie
2	kirstymccormack
2	candiceruud
1	StuartBuck1
1	atabertay
2	IsabelOakeshott
2	drhli
1	harunnasir
2	LFTimes_news
2	NinaShopsNY
2	blyonswriter
1	kellymcgonigal
1	ajreeves
1	RSI
2	NewsdayCrime
1	askitas
1	FlorianFoos
2	getwokingham
2	buffaloscribe
2	CornishmanPaper
2	leighjournal
2	MPN_JNotareschi
1	StrictlyStat
1	RFisman
1	0PN
1	anne__lavigne
2	Jennifer_Gish
1	pjytwitte
2	buffalogirlsong
1	volosovych
1	zhuo_adam_chen
1	crojasphd
2	schwartznewsNY
2	TiffanyLankes
1	cfchabris
2	LutonOnSunday
1	WiringTheBrain
2	Freedland
2	C_KAndrews
1	pamelamban
2	Carrick_Times
1	vahidestan
2	chorleycitizen
2	jillterreri
1	z655321
2	Johnston_Press
2	RonRosner
2	ScoDonn
1	jenntopper
2	ianherbs
2	BethWhitehouse1
2	JodieRiesbeck
2	AshfordHerald
2	NewsdayHSSports
1	profbohns
1	hasan_zubair
1	LSEEcon
2	MfarrellP
2	DailyMailUK
1	LSEBehavioural
2	GWSIII1823
2	Citizen_Deff
1	t_holden
2	KMart_LI
2	albscribe
1	seththoughts
1	johnwhitehead81
2	PropelLynn
1	cdaude
1	ShelleyBonanno
2	IJShawneeBarnes
2	John_Bingham
1	marutterstat
2	IJSGdave
1	VeslaWeaver
1	a_gavazza
1	ArielRWhite
2	DAaronovitch
1	jenny8lee
1	treycausey
1	OpenGovInc
1	ianppreston
2	M_Star_Online
2	HgateAdvertiser
1	Crowdpac
1	Nextdoor
1	SamaraKlar
2	carolinelinton
2	JeffreyAaron4
1	ecsalomon
1	jsb
1	deaneckles
1	CalvinKLai
1	aeggers
2	sue_schulman
1	krlmlr
2	M_Star_Online
1	mapr
2	Herald_Editor
2	CitizenMason
2	krishgm
2	LlanelliStar
1	thierry_warin
1	sebvillemot
1	saadgulzar
2	IlfordRecorder
1	djmallinson
2	PSBphotos
1	dbamman
1	jlanastas
2	EADT24
2	jonapolitano
1	Arubin
2	DownRec
2	hogankevin
1	BenedictEvans
1	amfasolo
2	derrypost
2	journalupdate
1	amb3r12
1	rshereme
1	szarka
2	MPN_DanGoldman
2	LBC
2	CheddarVGazette
2	dherbecknews
1	voxgov
2	bobrienBN
2	PSBMike
1	ctdawes
2	birminghammail
1	vtraag
1	juliamgclark
2	PaulGrondahl
2	tbndicesare
1	OpenStateEU
1	sobata416
1	stefanbache
2	covobservernews
2	BBCNewsnight
2	TomF_IJSports
1	RTalkPodcast
2	hdavisbn
1	OpenVisConf
1	mazzimon77
2	buryfree
1	WileyEconomics
1	haroldpollack
2	FavershamNews
2	makibecker
1	OpenSecretsDC
2	SGBob
2	MPN_MelodyBurri
2	KirstyWark
2	Gazetteseries
2	DroitAdvertiser
1	jomicheii
2	IJShawneeBarnes
1	shermanwong
2	JoanGralla
1	GoatUserStories
1	jeroenhjanssens
1	colin_cwilliams
2	saratogaseen
1	pgnulty
1	JohnAllenPauios
1	drivendataorg
2	EalingTimes
2	hawnews
2	DanSandersonHT
2	Brighouse_Echo
2	PSBRakas
1	mblondel_ml
2	DoverMercury
1	jasimpson
2	dunmowbroadcast
2	"mackissler,"
2	deucelee
2	greenocktele
1	mgrapetti
1	dynarski
1	jmarkleonard
1	carlos_g_ospino
2	david_arkin
1	dalejbarr
1	thwziesemer
2	henleystandard
1	advncdhindsight
2	judycartwright
1	kjhealy
1	tainab
2	JBeattieMirror
1	datapointnyc
2	BBCHughPym
1	fulhack
1	ThadDomina
1	dippoliti
1	ielde_unsa
2	MikalaFaith88
2	CarrickAd
2	darransimon
2	CovAdvertiser
1	yasirmkh
2	ATownNews
2	CNYmedia_neill
2	LincsFreePress
2	C_ARichardson
1	vaguirregabiria
2	mpn_shiggins
1	carlostagnaro
1	MoralPsychLab
2	CitizenBoyer
2	PSBKristen
1	ItHurtsWhenYouP
2	ErinGeismar
1	baldwinre
2	mandyhofmockel
2	ps_education
2	SGAndrewLegare
2	glensfallsse
2	dsvmorris
2	LauraMitchell15
1	djroomba419
2	Section4Scores
1	data_wizard
1	_cingraham
1	alexanderdilger
2	msommerbn
1	PeteEtchells
2	_PaulHayward
2	BNrefresh
2	BelTel
1	ylecun
1	BerkOzler12
2	IJdavidhill
2	lindseyhilsum
2	PTobeyPSVarsity
1	fransilvat
2	BromStandard
1	rboheim
1	Jeremy_Levine
2	dom_herbert
2	EG_Courier
2	JoshNASCARWWE
2	BenChu_
2	KentishGazette
2	eddiemair
1	fred_marty
2	HornellTribKait
2	afneil
1	s_canning
2	Bondy81
2	SGRayFinger
2	CNYmedia_neill
1	cuginoid
2	sguzik
1	jakevdp
1	JoeHilgard
1	laderafrutal
1	MarkusEconomist
1	mattmight
2	MikeConnellyBN
2	JamesTMadore
1	fperez_org
1	ucfagls
1	Prof_Karthik_M
2	HabudaJL
2	cambstimes
1	PikettyLeMonde
1	zeitzoff
1	skominers
2	codownspectator
2	HTnewsroom
1	_RoySD
1	pbougette
1	profsufi
1	deleeuw_jan
2	BexleyTimes
2	TreyBankhead1
2	cathynewman
1	OliverSacks
2	aliosborne20
2	HearstCorp
2	Rlevin85
1	js_simons
2	Crawley_Obby
2	IJShawneeBarnes
2	Evening_Tele
1	PessimistsArc
2	RobJuteauLFT
2	PSBKristen
2	GYMercury
2	eboland11
2	arnphoto
1	hrreisen
2	newsdaymarcus
2	KMGravesend
2	bealejonathan
1	farmerrf
2	dthompsonht
2	poststar
1	ric4rdol
2	kayeadams
2	bbclaurak
2	Harrow_Times
1	alex_peys
2	KateMostaccio
1	franceleclerc
2	GreatBarrObs
2	GrovePotter
2	luttmail
2	emmacowing
1	claudferraz
2	BBJournal24
2	NewsdaySports
2	Cheryl84Smith
2	iainmacwhirter
2	BasingstokeNews
1	EconAndrew
1	sbuhai
2	DudleyNews1
1	henrikjordahl
1	researchkit
1	RBReich
2	SGJoeMink
1	PSRMJournal
2	tadamis1
2	ckfeaver
1	obergland
1	seanjwestwood
2	dailyecho
2	AuburnPublisher
2	tcoomes
1	DavidKonisky
2	PeteIorizzo
2	CDHerald
2	gazetteinwhitby
2	efpmag
1	guoxu_econ
2	andydphilip
2	LynnNewsCitizen
2	PSBLynn
2	AlanRoden
1	JFiva
2	CoalvilleTimes
1	TimDuy
2	BobGlauber
1	JoeUscinski
2	MarkSingelais
2	PSBMike
2	BexhillObs
1	abresler
1	bigdatapolitics
1	Superherologist
2	EDP24
1	guangchuangyu
1	heldehdom
1	StatSocial
1	garlicksauce
1	stefgori73
1	uptownnickbrown
2	keithkraska
1	RetroReport
2	sandrapeddie
1	TheAAPSS
2	crsalazarnyc
2	HillingdonTimes
1	GaborCsardi
1	sama
2	ChicagoNorm
2	bedfordnews
2	pcatapano
1	drob
2	fletcherr
2	HerkTelegram
2	BristolObserver
1	joebrusuelas
1	tukopamoja
1	UDrawLines2021
1	PsychScience
2	IsabelHardman
2	hexhamcourant
1	amyjccuddy
2	IlkleyGazette
2	MalvernGazette
1	LauraCummingArt
2	ameliagentleman
1	straightedge
1	lugaricano
2	alextomo
2	KeithHerbert
2	jamshidmo
2	themerryness
1	derekruths
1	Liz_Suhay
1	NeelanjanSircar
1	c3K
2	DroitStand
1	italoguti
2	birminghampost
2	joyebrown
2	tjwilkin
1	AGTheodoridis
1	fbogliacino
1	markkoyama
2	BasildonYA
1	SamHarrisOrg
1	HistoryInPics
2	EveshamJournal
1	sjmhyd
1	FeIiX_H
2	EmmaSapong
2	irish_news
2	EveningGazette
1	DrKathleenYoung
1	ianpcook
1	gholliba
1	cstewartiii
1	yanagiz
1	RConsortium
2	C_SMorkis
1	FootnoteMedia
1	johnwbudd
2	TBNSully
1	ankitaak
2	timesunion
2	brendanjmcginty
1	CPDBerkeley
1	philiphabel
1	JEPS_ed
1	jorgegarzardz
2	tclay59
2	DerryNews
2	JoshStewartNews
1	afrakt
1	cpossosu
1	bcaffo
1	m_ttm_
2	AdvertiserGrp
1	jchaskell2
2	danrivoli
2	ExpressandStar
1	JennyBryan
1	BriefJournal
1	dfreelon
2	guardianchorley
1	NialFriel
1	chrishwiggins
1	pmanasse
1	jurafsky
2	ckfeaver
2	bbcworldservice
1	dktr_dr
1	briancroxall
1	Dr_Leah
1	1954swilliamson
2	MPN_jreed
1	RichardSocher
2	bracknellnews
2	pressconnects
1	cbpuschmann
2	Recorder_Alissa
2	BurtonMailNews
1	a_presbitero
1	talgalili
2	davieclegg
1	qjps_editors
1	cevatgirayaksoy
2	impartialrep
1	siminevazire
2	crimereporter
2	islingtongztte
2	SGJenniferK
1	matthiaskrapf
2	BBCAmos
1	DrMarsha
2	BBCPM
2	BrianJCorcoran
2	AndrewCasler
1	datadocgauthier
1	dalimarouani
2	amNewYork
1	umeditor
1	ban_r
2	colinfreeman99
1	ckreibich
2	CDerespina
2	KarenRobinsonBN
1	openspending
1	TaliaStroud
2	leatherheadnews
1	ce_tucker
2	Murray_Recorder
2	andrewgregory
2	AndyDunn_SM
1	tpanagiotidis
1	iikkakorhonen
1	hannawallach
1	km_wacker
1	eytanadar
1	electionstudies
2	MaryKunzGoldman
2	covtelegraph
2	RecorderShinder
1	nicvdsijpe
1	stephengoggin
1	LukeSonnet
2	felicity_journo
2	Buxton_News
1	ljk50
1	tristanzajonc
2	DickinsonTimes
1	PSQ_CSPC
2	JoeRyanNewsday
2	DGStandard
1	grayclhn
2	BBCDomC
1	jponnela
1	ethanplaut
1	haskelecon
2	ChrisPotter413
2	AidanKerrPol
2	rodboone
2	DewsReporter
2	JGForsyth
2	Coleraine_Times
1	Tvpsychologist
1	carlomate
1	neuroperson
1	KasperMHansen
1	theglamp
1	nlpnoah
1	tendayiviki
2	Dinnonews
1	chrmongeau
2	SWhite_HT
1	DataconomyJobs
1	L2political
1	sebasaparicio15
1	KaggleCareers
2	adfiscina
1	cfbaum
1	om
1	space_economy
1	wwwDSLA
2	StephenBuchiere
1	yorl
1	jblumenau
1	drjudithbeck
2	CatskillDM
2	CJ_Scanlon
1	durrobert
2	VinciguerraMark
2	SGAndrewLegare
2	huwbbc
1	rj_here
2	haynesdeborah
2	BDPost
1	GijsSchumacher
2	JustinOnWeb
2	SGLoisWilson
2	Daily_Express
1	sachsspeaks
2	banburynews
2	elliotttimes
1	minzlicht
2	CornishGuardian
2	SGJenniferK
1	kph3k
2	belperlatest
1	nma
2	GlasgowGuardian
2	LeedsNews
1	hedegaardhansen
1	Gnip
1	santiagolagop
1	oceankidbilly
1	mbritt
2	Giantbob1962
2	champnews
2	SGLoisWilson
2	dianacnearhos
2	PSBABorrelli
2	apaulnelson
1	JPdeRuiter
1	Kane_WMC_Lab
2	MailOnline
1	GetSillyApp
2	TomF_IJSports
2	evansma
1	tylermccormick
2	Section4Scores
2	FavershamTimes
1	paullagunes
2	Levipasc
2	ammichaud
1	paulg
2	Longridge_News
2	JeffMiers
2	HTScotPol
2	KKPeopleNews
1	gvermandel
1	Ram_Guha
1	DerekSteer
1	dmckenzie001
2	SGBob
1	APPCPenn
2	DailyMirror
1	lilymasonnyc
1	JimACEverett
2	Batley_News
1	ale_marquez
2	C_RRooney
2	PSBJRoby
2	EvanHD
2	ivanlajara
2	epsomguardian
1	ZacBookman
1	KDMC
2	AndrewCasler
2	casswriter44
2	RickKarlinTU
2	LaoisNews
2	SGRLevanduski
2	john_hooper
1	abmoniz
2	timobrientu
2	lionelbarber
1	sam_shah
2	katesilverton1
1	mkonnikova
2	kingstonnews
1	jpazvd
2	Section4Scores
2	SGRayFinger
1	arussophd
1	CarterCPrice
1	nadimhanif
2	seancurran12
1	marcpourroy
1	KasperDHansen
2	briandessart
2	JeffreyAaron4
1	ulfrinne
2	LichMercury
1	StuartJRitchie
1	PortraitAu
2	AndrewCasler
2	itvnews
2	ChesterChron
1	stierholz
1	SPPQJournal
1	TheSocialBrain
2	KentishExpress
2	FLTimes
2	ianmcconnellHT
2	advertisergroup
1	SethGrimes
1	datoinc
2	meanbarb
1	benoitdos
2	gideonrachman
1	j_farrell
2	AccringtonNews
1	stavroszenios
2	Recorder_Sports
2	PSBChrisKocher
1	pdalgd
1	ProfMeinke
2	CaseySeiler
2	CathleenCrowley
2	BobGardinier
2	cferrette
2	BobCondon
1	UCBITSS
2	leinsleadernews
2	Section4Scores
1	Daisann_McLane
2	PSBjeff
1	GregoryKoger
2	EidzTowns
1	IanShepherdson
1	M_Bisgaard
2	CarrGaz
1	iacus
1	Alan_Krueger
1	laurensswinkels
1	mikybartoli
2	EpworthB
2	BAndriatch
1	karpathy
2	localguardian
2	eDooleyNoted
2	PSBJenFusco
1	BetseyStevenson
2	CityEdition
2	andrewrawnsley
1	EliasDinas
1	maljarhi
1	claesdevreese
1	djaimovi
2	bbclysedoucet
1	rgfitzjohn
1	iBALyons
2	barneyhenderson
1	john_voorheis
2	FleetwoodWeekly
2	SharonCantillon
1	wesmckinn
1	lincolnmullen
1	hafenstats
1	ycombinator
2	Bwood_Times
1	humphreys_brad
2	CroydonAd
1	MozillaScience
1	sterndavidi
1	JamieMadigan
2	D_Times
1	changhiskhan
2	PSBValerieZehl
2	Gareth_Rose
1	johnbarrdear
2	PSBStephen
1	orhan_erdem
1	paulbloomatyale
2	CroydonGuardian
1	David_Dobbs
2	SGLoisWilson
1	thepitchfm
2	bktimes
2	Al_Iannazzone
1	sethkugel
2	SGBob
2	AledBlake
2	exmouthjournal
2	AlbaneseLaura
1	tyleransom
1	batizlazo
2	greigcameron
1	Econ_Marshall
2	DBalinsky
1	ubedapaloma
2	HarbMail
2	jcdannibale
2	georgiakral
1	edward_l_ayers
1	reiju21jp
1	OpenIntroOrg
1	paashamahdavi
1	HelloCTCL
2	blyonswriter
2	lynseybarber
1	lakens
1	R__INDEX
2	DavidWilletts3
2	MPN_MBrandow
1	davidkhoudour
1	giovapica
2	PSBMegan
2	KMDartford
2	andyhowellsport
2	stargazette
2	JeremyInNY
2	IJbestes
2	DarrenBSCooney
1	Nouriel
1	Prof_RobEngle
2	ELCouncil
2	MatthewSpina1
1	andrewtlevin
1	metro_research
1	tiffanydbarnes
1	dr_pi
1	mariyaneycheva
2	PSBJonHarris
1	jodiecongirl
1	NatGeoPhotos
1	galimberti_jk
2	chrisdeerin
2	PSBChrisKocher
2	AlisonFox
1	adrihout
1	yoavgo
1	jasonbartz
2	HPoolMail
1	lucianolavecchi
2	sjvelasquez
1	goodmansasha
1	KingEconomist
1	DLin71
1	staeiou
1	arindube
1	sahilchinoy
2	KM_newsroom
1	HansGutbrod
2	ChrisWathan
2	CamillaTominey
1	martinsgaynor
1	polesasunder
1	DalrympleWill
1	ManuKumar
1	tedmiguel
1	jcheng
2	ELAdvertiser
1	g_spielvogel
1	kurtjgray
1	Noahpinion
1	jamesfeigenbaum
2	Forfar_Dispatch
1	robinhanson
1	B_I_Tweets
1	robertarab
2	MailOnline
1	miroslavverbic
1	sh_grewal
2	Tablehopping
1	paulmromer
1	Keith_Laws
1	EdmundPhelps
2	lucyjohnston439
2	ExpressandEcho
1	JesseRhodesPS
2	Section4Scores
2	jbgordon
1	medevecon
1	StokesNeuro
1	davidrock101
2	AndoverAd
1	craig_macdonald
1	ConnorDHuff
1	andrew_nyu
2	JayTokasz
2	ksshuttle
2	chris_scotsman
2	curleypic
1	echen
1	manukumarjain
2	jonnythegreek
2	mwdobie
1	profjensludwig
1	gautranguillaum
1	joelwwood
1	CEASandy
1	raybbecker
1	alexvhirsch
1	InequalityHKS
2	MPN_MaxwellCahn
2	_jdavenport
2	bucksfreepress
2	jsirica
1	liza
2	SGRLevanduski
1	BruceBartlett
1	dustintingley
2	buchanienews
1	c2granda
1	fouirnaies
2	PSBJenFusco
1	devluis
1	kdnuggets
2	dmccarthyDR
1	maxogles
2	HenryPowderly
2	Daily_Record
1	gtcost
2	EveningChron
1	Claudia_Sahm
1	urbandemog
2	LisburnStar
2	dwnutt
2	leponline
2	LeaskyHT
1	jabawack
2	bbckamal
1	nphendricks
1	jonas_nijhuis
1	gderasse
1	SorryToBeKurt
1	uri_sohn
1	thesickish
2	mglynn720
2	ladymcbeth2
1	mims
2	ChrisGiles_
1	francpastore
2	BNschoolzone
2	ArthurCusano
1	jomroche
1	henrysward
2	GuardianDigital
1	nycgeoff
1	jonathan_gruhl
2	PSBSens
2	BiggyChronicle
2	DannyShawBBC
2	scatteredimage
1	chrisdc77
2	CenSomGazNews
1	openelex
2	csciria
2	chris_churchill
2	Bradford_TandA
1	IgorBrigadir
1	mbillio
2	epngo
2	EveningNews
2	BuffNewsGNason
1	SherlockpHolmes
2	alantravis40
1	MarekHlavac
1	user2015aalborg
2	emersongreg
1	hfmuehleisen
2	jenearlyspeakin
1	dataandme
2	L_Sentinel
1	GrahamCLDavey
2	Littlejohnycmiu
1	jakehofman
2	SKIPSCAM
2	JeffreyAaron4
1	JOP_Ed
1	RRS_counselling
1	talyarkoni
2	AliBunkallSKY
1	adaptive_plant
2	CountyGazette
2	fenlandcit
1	liam_wagner
2	CNYJennie
1	amspence98
2	alexmassie
1	AudreyTruschke
1	jgastil
1	RJI
2	ByTimGraham
2	hulldailymail
1	PKellstedt
1	OpenGovHub
1	NewsLumieres
2	Echo_Newspapers
2	BAdvertiser
1	MoneyInPolitics
1	romananton2
2	schulerb
1	neillancastle
2	lensflare35
2	PSBJRoby
2	Newsday
1	acfrazee
1	dssharvard
1	PeejLoewen
2	brianjconnolly
1	phbent
2	gregoryconnors
1	TonyLFreitas
2	SGJeffMurray
1	MMaechler
2	hackneygazette
1	MarkThoma
1	jkertzer
2	karenmalbone
2	dp_williamson
1	THR
1	winston_chang
2	loughecho
1	emrinke
2	brochherald
2	LakampBuffNews
1	cdixon
1	syhn_a
2	AmyBiancolli
1	jp_tang
1	TheBudgetGuy
2	LaMonicaMark
1	xieyihui
1	HarvardEcon
1	rochelle_layla
2	TUcitydesk
1	chris_bail
2	caseymusarra
1	F_Bethke
1	davidimiller
1	tammyschirle
1	JonHaidt
1	r_fry1
1	etzioni
2	DxGusher
1	mollycrockett
2	schangnewsday
1	noenavarro
2	GranthamJournal
2	WSpringsteadPSV
1	econoflove
1	pverme
2	LivEchonews
2	ThePost_Journal
2	LincsEcho
2	HastingsObs
1	scwolla
1	MyiahHutchens
2	Channel4News
1	carlzimmer
1	MatthewJDenny
1	mfariacastro
2	AnneNeville1
1	hcrystalhuang
2	FinancialTimes
1	DevilleSy
1	RexDouglass
1	cgdelizardi
1	salperri17
1	grg_motta
2	getbracknell
2	defencechris
1	os_mitchell
1	UtahCory
1	philipdurbin
2	ckfeaver
2	halesowennews
2	Dannythefink
2	JessicaDamiano
2	PSBRakas
1	earlconf
1	ChrisGUArnold
2	AishaAlMuslim
1	MapLight
1	ProfAndyField
1	JonesZM
2	MVSPAIN
2	MPN_JSherwood
1	fasttrackimpact
2	GlosEcho
1	thiaru
2	HalsteadGazette
1	erikbryn
1	bjpasquale
2	Ballymena_Times
1	mileskimball
2	KOSMedia
1	jayvanbavel
1	MuckRock
1	statisticalsig
2	BBCNews
1	homo_loquens
2	IJbestes
1	saumjha
2	pbuckowski
1	mljockers
1	dgulshankumar
1	guygrossman
1	chartgerink
2	KeithMcSheaBN
2	KathW80
1	Hewlett_Found
1	Nolan_Mc
2	JananGanesh
1	SPSPJobs
1	sdellavi
1	behdeslab
2	KirrieHerald
2	Alistair_Foster
1	Jacob_Heller
2	derryjournal
2	Brom_Advertiser
1	ckemfert
1	worldbankdata
2	newsdaybrand
2	charlesperrin7
1	upanizza
1	jldhouston
2	JoeMurphyLondon
2	LockportJournal
1	dvaroutas
2	BurnleyExpress
1	DrMendonsa916
2	PSBTracey
1	adamleealter
2	Kevin_Maguire
1	carlislerainey
2	falkirk_herald
2	CambrianNews
1	ProfEmilyOster
1	alignedleft
2	NYRegionalMgr
2	HebdenBrTimes
1	misologie
1	SFpartytime
1	sinanaral
2	lanefiller
2	CatPascoe
2	bnearing10
2	CambridgeNewsUK
2	lsaexpress
1	hintikka
2	brightonargus
1	joseegomezgo
2	tclay59
1	StanfordPoliSci
2	DispatchDaily
1	arthur_spirling
1	maqartan
1	parsehub
1	ledell
2	FFP
2	dsmitheconomics
1	japuneco79
1	kaushikcbasu
2	Burton_Advertis
1	DataLab538
2	SGJeffMurray
1	PolBehavior
2	katierazz
2	FarmingLifeNI
2	IraFusfeld
2	PSBRakas
2	dmeffy
2	bucks_herald
2	Gregg_Sarra
2	MQMulville
1	congressdotgov
2	LoriAnander
1	pirelandatbc
1	mattkahn1966
1	chronicle
2	KeighleyNews
2	ArmaghanS
2	DMDacre
2	PSBLynn
1	Ognyanova
1	metrics52
1	hugospiers
2	NancyFbuffnews
1	zfurnas
1	PSA_APG
2	LedburyReporter
2	Dorsetecho
2	AllisonCooper07
2	matttraub
1	CollabraOA
1	andyofsmeg
1	stephenkinsella
2	iainpope73
1	kimballdc
1	USCivitas
2	CNYJason
2	Harlowstar
2	Ferm_Herald
1	vrnijs
1	sgehlbach
2	DeniseJewellGee
2	AmandaWhistle
2	andrewpicken1
2	DRoseMoS
2	willwaldron
1	VandekerckhoveJ
2	The_Citizen
2	hantschronicle
2	IJphotos
2	bicesternews
2	FinanceHog
1	saskatchewin
2	PSBphotos
1	DTWillingham
2	GainsStandard
2	TheBuffaloNews
2	doverexpress
2	JarboeattheSpa
1	GaryMarcus
2	GrimsbyTel
1	marcelsmolka
1	DeanBaker13
1	economics_bs
1	neuroconscience
1	Jonathan_Nagler
1	LindaSkitka
2	mackrigg
2	Enfield_Indy
1	f_bartolucci
1	jebistline
1	trevortombe
1	briandavidearp
1	JPolEcon
1	DrJWolfson
1	gmihalache
2	BNHarrington
2	PSBJonHarris
1	geooptimization
1	chrmanning
2	ChelmsfordWNews
1	SloanFoundation
2	EssexChronicle
1	angry_prof
1	elonmusk
2	LouMichelBN
1	drkiki
2	DiscountDivaSam
1	arebucci1
2	jdickenson1990
2	EveningTribune
2	banburycakenews
1	tylerreny
2	OtherWillJames
2	SGJeffMurray
1	MikeRSpencer
1	emnlp2015
1	jpdig
1	BenRossTransit
2	lowjournal
2	JessFlynnMorgan
1	dmimno
1	wiczerd
2	BrianMeyerWBFO
2	JerryZremski
2	ChandrePrince
2	EveningStandard
1	agaudeul
2	ClewisNews
1	smith_harvard
1	trialsolution
1	MonicaSLam
2	IJSGdave
2	faisalislam
1	kocherlakota009
1	andreasloeschel
2	PhilFairbanksBN
1	BPSOfficial
1	UpshotNYT
2	JournoandGaz
2	amymoritz
1	tknilsso
2	PSBKristen
1	laneharrison
2	huntspost
2	bobmccarthybn
2	BrodskyRobert
2	BasGazette
2	DerbyTelegraph
2	CitizenCondon
2	colindabkowski
2	Longford_Leader
1	Chartbeat
2	hertsad
2	albrummer
2	KittyKatHall
1	jdportes
1	yankiyazgancom
2	BraintreeTimes
1	fjditr
2	IJSGdave
2	Diss_Express
2	hannahdev
1	Elisabete
1	NeuroWhoa
1	zevross
1	PoliticsAtPenn
1	octaviagear
2	C_RMacCallum
1	refetgurkaynak
1	noamross
2	christopherhope
2	jdepstein
2	janemerrick23
2	NewsdayEnt
1	georgzachmann
1	ElectionsCenter
1	xd_jiang
2	HeywoodNews
2	GeorgeWParker
2	ThomasProhaska
2	paulblock
2	HigginsPolly
2	BrentwoodWNews
2	JohnJeansonne
1	matei_zaharia
2	JohnHumphrysr4
2	messengerpost
1	marco_jacopo
1	mcmc_stan
2	rachelsenatore
1	adnen2012
2	RealCraigHarvey
2	PSBJRoby
2	JoeWatts_
1	philipshapira
2	Danjanison
1	yangkisuara
1	PredictIt_
2	IvanPer4
2	kaydi_poirier
1	albertobagnai
1	MKeithChen
2	WDX2BB
2	Larne_Times
2	ClactonGazette
2	AlfonsoReports
2	Ananyo
2	haverhill
1	tonyorji1
2	KennyMcAlpine
2	PSBjeff
1	mattdwebb
2	7OaksChronicle
1	guyjsburton
1	Res_Pol
1	hanneswagner
1	vvicard
1	melissaleesands
2	EveningExpress
1	iulianbd
2	pressconnects
2	PSBKevin
1	fanseel
1	hghalvorson
2	HolyheadMail
2	AnnieBrat
2	Giants for
1	benefundit
1	EconPapers
2	DeidreWilliamsB
1	DrCraigMalkin
2	bvmmagazine
2	lisabellwilson
2	leamcourier
